{"version":"1","data":{"project":{"id":"ODMzNDE3Yjk","name":"sample-images"},"document":{"id":"48bd6e29-ec03-4c06-9cf3-e63d08b04e7f","name":"image-2.jpeg"},"kinds":["BBOX_BASED","DOCUMENT_BASED"],"labelerInfo":{"id":72,"email":"ivan.marcellino@datasaur.ai","displayName":"Ivan Marcellino"},"pages":[{"pageIndex":0,"pageHeight":1024,"pageWidth":1024}],"comments":[],"url":"datasaur://static/72/48bd6e29-ec03-4c06-9cf3-e63d08b04e7f.jpeg","documentQuestions":[{"id":0,"label":"Document-level: TEXT","required":true,"type":"TEXT","config":{"maxLength":null,"minLength":null,"multiline":false,"multiple":false}},{"id":1,"label":"Document-level: Dropdown","required":false,"type":"DROPDOWN","config":{"options":[{"id":"1","label":"option-one"},{"id":"2","label":"option-two"},{"id":"3","label":"option-three"}],"multiple":false}}],"documentAnswerSet":{"0":null,"1":null},"bboxLabelSets":[{"id":"12098","name":"BBoxLabelSet","autoLabelProvider":"TESSERACT","classes":[{"id":"135192","name":"label-one","color":"#df3920","captionAllowed":true,"captionRequired":false},{"id":"135193","name":"label-two","color":"#ffc826","captionAllowed":true,"captionRequired":true},{"id":"135194","name":"label-three","color":"#33cc99","captionAllowed":true,"captionRequired":true}]}],"bboxLabels":[]}}
