{"version":"1","data":{"project":{"id":"ODMzNDE3Yjk","name":"sample-images"},"document":{"id":"57c5874c-d903-4f29-9ecb-b53eef4e3f82","name":"image-1.jpeg"},"kinds":["BBOX_BASED","DOCUMENT_BASED"],"labelerInfo":{"id":72,"email":"ivan.marcellino@datasaur.ai","displayName":"Ivan Marcellino"},"pages":[{"pageIndex":0,"pageHeight":1024,"pageWidth":1024}],"comments":[],"url":"datasaur://static/72/fbffa8d1-b140-4072-89bc-3f88825c91e5.jpeg","documentQuestions":[{"id":0,"label":"Document-level: TEXT","required":true,"type":"TEXT","config":{"maxLength":null,"minLength":null,"multiline":false,"multiple":false}},{"id":1,"label":"Document-level: Dropdown","required":false,"type":"DROPDOWN","config":{"options":[{"id":"1","label":"option-one"},{"id":"2","label":"option-two"},{"id":"3","label":"option-three"}],"multiple":false}}],"documentAnswerSet":{"0":"an answer to document-level question","1":"option-two"},"bboxLabelSets":[{"id":"12098","name":"BBoxLabelSet","autoLabelProvider":"TESSERACT","classes":[{"id":"135192","name":"label-one","color":"#df3920","captionAllowed":true,"captionRequired":false},{"id":"135193","name":"label-two","color":"#ffc826","captionAllowed":true,"captionRequired":true},{"id":"135194","name":"label-three","color":"#33cc99","captionAllowed":true,"captionRequired":true}]}],"bboxLabels":[{"id":"21773","documentId":"57c5874c-d903-4f29-9ecb-b53eef4e3f82","bboxLabelClassId":"135192","bboxLabelClassName":"label-one","caption":"","shapes":[{"pageIndex":0,"points":[{"x":109,"y":81},{"x":416,"y":81},{"x":416,"y":142},{"x":109,"y":142}]}],"status":"LABELED","labeledBy":"AUTO","labeledByUserId":null,"acceptedByUserId":null,"rejectedByUserId":null},{"id":"21797","documentId":"57c5874c-d903-4f29-9ecb-b53eef4e3f82","bboxLabelClassId":"135192","bboxLabelClassName":"label-one","caption":"|","shapes":[{"pageIndex":0,"points":[{"x":211,"y":210},{"x":286,"y":214},{"x":272,"y":246},{"x":196,"y":243}]}],"status":"LABELED","labeledBy":"AUTO","labeledByUserId":null,"acceptedByUserId":null,"rejectedByUserId":null},{"id":"21800","documentId":"57c5874c-d903-4f29-9ecb-b53eef4e3f82","bboxLabelClassId":"135192","bboxLabelClassName":"label-one","caption":"|","shapes":[{"pageIndex":0,"points":[{"x":127,"y":205},{"x":202,"y":209},{"x":188,"y":241},{"x":116,"y":237}]}],"status":"LABELED","labeledBy":"AUTO","labeledByUserId":null,"acceptedByUserId":null,"rejectedByUserId":null},{"id":"21803","documentId":"57c5874c-d903-4f29-9ecb-b53eef4e3f82","bboxLabelClassId":"135192","bboxLabelClassName":"label-one","caption":"|","shapes":[{"pageIndex":0,"points":[{"x":50,"y":199},{"x":125,"y":203},{"x":111,"y":235},{"x":50,"y":232}]}],"status":"LABELED","labeledBy":"AUTO","labeledByUserId":null,"acceptedByUserId":null,"rejectedByUserId":null},{"id":"21770","documentId":"57c5874c-d903-4f29-9ecb-b53eef4e3f82","bboxLabelClassId":"135193","bboxLabelClassName":"label-two","caption":"sample caption","shapes":[{"pageIndex":0,"points":[{"x":504,"y":252},{"x":641,"y":213},{"x":654,"y":341},{"x":501,"y":293}]}],"status":"LABELED","labeledBy":"AUTO","labeledByUserId":null,"acceptedByUserId":null,"rejectedByUserId":null},{"id":"21764","documentId":"57c5874c-d903-4f29-9ecb-b53eef4e3f82","bboxLabelClassId":"135194","bboxLabelClassName":"label-three","caption":"another caption","shapes":[{"pageIndex":0,"points":[{"x":259,"y":329},{"x":462,"y":361},{"x":417,"y":472},{"x":201,"y":423}]}],"status":"LABELED","labeledBy":"AUTO","labeledByUserId":null,"acceptedByUserId":null,"rejectedByUserId":null}]}}
