{"version":"1","data":{"project":{"id":"ODMzNDE3Yjk","name":"sample-images"},"document":{"id":"ad168415-b662-4834-940f-598c05807bea","name":"image-3.jpeg"},"kinds":["BBOX_BASED","DOCUMENT_BASED"],"labelerInfo":{"id":72,"email":"ivan.marcellino@datasaur.ai","displayName":"Ivan Marcellino"},"pages":[{"pageIndex":0,"pageHeight":1024,"pageWidth":1024}],"comments":[],"url":"datasaur://static/72/2655f47e-970d-4e4c-8ad2-0fa3f68ef5ba.jpeg","documentQuestions":[{"id":0,"label":"Document-level: TEXT","required":true,"type":"TEXT","config":{"maxLength":null,"minLength":null,"multiline":false,"multiple":false}},{"id":1,"label":"Document-level: Dropdown","required":false,"type":"DROPDOWN","config":{"options":[{"id":"1","label":"option-one"},{"id":"2","label":"option-two"},{"id":"3","label":"option-three"}],"multiple":false}}],"documentAnswerSet":{"0":"answer for document 3","1":null},"bboxLabelSets":[{"id":"12098","name":"BBoxLabelSet","autoLabelProvider":"TESSERACT","classes":[{"id":"135192","name":"label-one","color":"#df3920","captionAllowed":true,"captionRequired":false},{"id":"135193","name":"label-two","color":"#ffc826","captionAllowed":true,"captionRequired":true},{"id":"135194","name":"label-three","color":"#33cc99","captionAllowed":true,"captionRequired":true}]}],"bboxLabels":[{"id":"21845","documentId":"ad168415-b662-4834-940f-598c05807bea","bboxLabelClassId":"135192","bboxLabelClassName":"label-one","caption":"","shapes":[{"pageIndex":0,"points":[{"x":997,"y":29},{"x":826,"y":29},{"x":826,"y":85},{"x":997,"y":85}]}],"status":"LABELED","labeledBy":"AUTO","labeledByUserId":null,"acceptedByUserId":null,"rejectedByUserId":null},{"id":"21872","documentId":"ad168415-b662-4834-940f-598c05807bea","bboxLabelClassId":"135193","bboxLabelClassName":"label-two","caption":"overlapping labels 1","shapes":[{"pageIndex":0,"points":[{"x":995,"y":119},{"x":820,"y":119},{"x":852,"y":265},{"x":995,"y":190}]}],"status":"LABELED","labeledBy":"AUTO","labeledByUserId":null,"acceptedByUserId":null,"rejectedByUserId":null},{"id":"21866","documentId":"ad168415-b662-4834-940f-598c05807bea","bboxLabelClassId":"135194","bboxLabelClassName":"label-three","caption":"overlapping labels 2","shapes":[{"pageIndex":0,"points":[{"x":965,"y":102},{"x":818,"y":203},{"x":819,"y":251},{"x":961,"y":267}]}],"status":"LABELED","labeledBy":"AUTO","labeledByUserId":null,"acceptedByUserId":null,"rejectedByUserId":null}]}}
