{"version":"1","data":{"project":{"id":"ODMzNDE3Yjk","name":"sample-images"},"document":{"id":"fd54e24a-0d0d-4d9d-b5b0-3fe03bd6aee1","name":"image-2.jpeg"},"kinds":["BBOX_BASED","DOCUMENT_BASED"],"labelerInfo":{"id":72,"email":"ivan.marcellino@datasaur.ai","displayName":"Ivan Marcellino"},"pages":[{"pageIndex":0,"pageHeight":1024,"pageWidth":1024}],"comments":[],"url":"datasaur://static/72/48bd6e29-ec03-4c06-9cf3-e63d08b04e7f.jpeg","documentQuestions":[{"id":0,"label":"Document-level: TEXT","required":true,"type":"TEXT","config":{"maxLength":null,"minLength":null,"multiline":false,"multiple":false}},{"id":1,"label":"Document-level: Dropdown","required":false,"type":"DROPDOWN","config":{"options":[{"id":"1","label":"option-one"},{"id":"2","label":"option-two"},{"id":"3","label":"option-three"}],"multiple":false}}],"documentAnswerSet":{"0":"answer for document 2","1":null},"bboxLabelSets":[{"id":"12098","name":"BBoxLabelSet","autoLabelProvider":"TESSERACT","classes":[{"id":"135192","name":"label-one","color":"#df3920","captionAllowed":true,"captionRequired":false},{"id":"135193","name":"label-two","color":"#ffc826","captionAllowed":true,"captionRequired":true},{"id":"135194","name":"label-three","color":"#33cc99","captionAllowed":true,"captionRequired":true}]}],"bboxLabels":[{"id":"21818","documentId":"fd54e24a-0d0d-4d9d-b5b0-3fe03bd6aee1","bboxLabelClassId":"135192","bboxLabelClassName":"label-one","caption":". ..","shapes":[{"pageIndex":0,"points":[{"x":367,"y":380},{"x":538,"y":380},{"x":538,"y":421},{"x":367,"y":421}]}],"status":"LABELED","labeledBy":"AUTO","labeledByUserId":null,"acceptedByUserId":null,"rejectedByUserId":null},{"id":"21812","documentId":"fd54e24a-0d0d-4d9d-b5b0-3fe03bd6aee1","bboxLabelClassId":"135193","bboxLabelClassName":"label-two","caption":"caption 1","shapes":[{"pageIndex":0,"points":[{"x":68,"y":281},{"x":192,"y":285},{"x":234,"y":316},{"x":68,"y":316}]}],"status":"LABELED","labeledBy":"AUTO","labeledByUserId":null,"acceptedByUserId":null,"rejectedByUserId":null},{"id":"21815","documentId":"fd54e24a-0d0d-4d9d-b5b0-3fe03bd6aee1","bboxLabelClassId":"135193","bboxLabelClassName":"label-two","caption":"caption-2","shapes":[{"pageIndex":0,"points":[{"x":63,"y":336},{"x":235,"y":336},{"x":174,"y":375},{"x":63,"y":381}]}],"status":"LABELED","labeledBy":"AUTO","labeledByUserId":null,"acceptedByUserId":null,"rejectedByUserId":null},{"id":"21842","documentId":"fd54e24a-0d0d-4d9d-b5b0-3fe03bd6aee1","bboxLabelClassId":"135193","bboxLabelClassName":"label-two","caption":"this label has flipped corners","shapes":[{"pageIndex":0,"points":[{"x":59,"y":49},{"x":251,"y":102},{"x":238,"y":54},{"x":56,"y":103}]}],"status":"LABELED","labeledBy":"AUTO","labeledByUserId":null,"acceptedByUserId":null,"rejectedByUserId":null}]}}
