Company,Title,Deal-Index,Report-No,Report-Date,Country,Type,Category,Detail,Amount,Currency
Elevation Pictures Corp.,CIVIL WAR,,,09/30/2024,Canada,Income,Cinematic,Theatrical Rentals,560395,CDN
Elevation Pictures Corp.,CIVIL WAR,,,09/30/2024,Canada,Income,Ancillary,Non-Theatrical,10013,CDN
Elevation Pictures Corp.,CIVIL WAR,,,09/30/2024,Canada,Income,Digital,VOD,865859,CDN
Elevation Pictures Corp.,CIVIL WAR,,,09/30/2024,Canada,Income,Digital,EST,627405,CDN
Elevation Pictures Corp.,CIVIL WAR,,,09/30/2024,Canada,Expense,Cinematic,Marketing,-10749,CDN
Elevation Pictures Corp.,CIVIL WAR,,,09/30/2024,Canada,Expense,Cinematic,Marketing,-1418,CDN
Elevation Pictures Corp.,CIVIL WAR,,,09/30/2024,Canada,Expense,TV,Manufacturing and Delivery,-84421,CDN
Elevation Pictures Corp.,CIVIL WAR,,,09/30/2024,Canada,Expense,TV,Mastering and Versioning,-10520,CDN
Elevation Pictures Corp.,CIVIL WAR,,,09/30/2024,Canada,Expense,Cinematic,Publicity and Promotions,-1502,CDN
Elevation Pictures Corp.,CIVIL WAR,,,09/30/2024,Canada,Expense,TV,Manufacturing and Delivery,-26319,CDN
Elevation Pictures Corp.,CIVIL WAR,,,09/30/2024,Canada,Expense,TV,Mastering and Versioning,-209,CDN
Elevation Pictures Corp.,CIVIL WAR,,,09/30/2024,Canada,Expense,Cinematic,Marketing,-25,CDN
