Company,Title,Deal-Index,Report-No,Report-Date,Country,Type,Category,Detail,Amount,Currency
Elevation Pictures Corp.,EVERYTHING EVERYWHERE ALL AT ONCE,,,09/30/2024,Canada,Income,Cinematic,Theatrical Rentals,1276,CDN
Elevation Pictures Corp.,EVERYTHING EVERYWHERE ALL AT ONCE,,,09/30/2024,Canada,Income,Ancillary,Non-Theatrical,1766,CDN
Elevation Pictures Corp.,EVERYTHING EVERYWHERE ALL AT ONCE,,,09/30/2024,Canada,Income,Digital,VOD,6280,CDN
Elevation Pictures Corp.,EVERYTHING EVERYWHERE ALL AT ONCE,,,09/30/2024,Canada,Income,Digital,EST,4468,CDN
Elevation Pictures Corp.,EVERYTHING EVERYWHERE ALL AT ONCE,,,09/30/2024,Canada,Income,TV,SVOD,201595,CDN
Elevation Pictures Corp.,EVERYTHING EVERYWHERE ALL AT ONCE,,,09/30/2024,Canada,Expense,Cinematic,Marketing,-666,CDN
Elevation Pictures Corp.,EVERYTHING EVERYWHERE ALL AT ONCE,,,09/30/2024,Canada,Expense,Cinematic,Marketing,-45,CDN
Elevation Pictures Corp.,EVERYTHING EVERYWHERE ALL AT ONCE,,,09/30/2024,Canada,Expense,Cinematic,Marketing,-29,CDN
Elevation Pictures Corp.,EVERYTHING EVERYWHERE ALL AT ONCE,,,09/30/2024,Canada,Expense,Cinematic,Marketing,-30,CDN
Elevation Pictures Corp.,EVERYTHING EVERYWHERE ALL AT ONCE,,,09/30/2024,Canada,Expense,Cinematic,Marketing,-22,CDN
Elevation Pictures Corp.,EVERYTHING EVERYWHERE ALL AT ONCE,,,09/30/2024,Canada,Expense,Cinematic,Marketing,-65,CDN
Elevation Pictures Corp.,EVERYTHING EVERYWHERE ALL AT ONCE,,,09/30/2024,Canada,Expense,TV,Manufacturing and Delivery,-548,CDN
Elevation Pictures Corp.,EVERYTHING EVERYWHERE ALL AT ONCE,,,09/30/2024,Canada,Income,Video,Home Entertainment,25259,CDN
Elevation Pictures Corp.,EVERYTHING EVERYWHERE ALL AT ONCE,,,09/30/2024,Canada,Expense,TV,Manufacturing and Delivery,-8238,CDN
Elevation Pictures Corp.,EVERYTHING EVERYWHERE ALL AT ONCE,,,09/30/2024,Canada,Expense,TV,Manufacturing and Delivery,-22,CDN
Elevation Pictures Corp.,EVERYTHING EVERYWHERE ALL AT ONCE,,,09/30/2024,Canada,Expense,TV,Manufacturing and Delivery,-65,CDN
