Company,Title,Deal-Index,Report-No,Report-Date,Country,Type,Category,Detail,Amount,Currency
Elevation Pictures Corp.,"FLORIDA PROJECT, THE",,,09/30/2024,Canada,Income,Ancillary,Non-Theatrical,1254,CDN
Elevation Pictures Corp.,"FLORIDA PROJECT, THE",,,09/30/2024,Canada,Income,Digital,VOD,30810,CDN
Elevation Pictures Corp.,"FLORIDA PROJECT, THE",,,09/30/2024,Canada,Income,Digital,EST,11805,CDN
Elevation Pictures Corp.,"FLORIDA PROJECT, THE",,,09/30/2024,Canada,Income,TV,Free TV,3,CDN
Elevation Pictures Corp.,"FLORIDA PROJECT, THE",,,09/30/2024,Canada,Expense,Cinematic,Marketing,-14,CDN
Elevation Pictures Corp.,"FLORIDA PROJECT, THE",,,09/30/2024,Canada,Expense,Cinematic,Marketing,-214,CDN
Elevation Pictures Corp.,"FLORIDA PROJECT, THE",,,09/30/2024,Canada,Expense,Cinematic,Marketing,-290,CDN
Elevation Pictures Corp.,"FLORIDA PROJECT, THE",,,09/30/2024,Canada,Expense,TV,Manufacturing and Delivery,-622,CDN
Elevation Pictures Corp.,"FLORIDA PROJECT, THE",,,09/30/2024,Canada,Expense,TV,Mastering and Versioning,-372,CDN
Elevation Pictures Corp.,"FLORIDA PROJECT, THE",,,09/30/2024,Canada,Income,Video,Home Entertainment,1107,CDN
Elevation Pictures Corp.,"FLORIDA PROJECT, THE",,,09/30/2024,Canada,Expense,TV,Manufacturing and Delivery,-348,CDN
Elevation Pictures Corp.,"FLORIDA PROJECT, THE",,,09/30/2024,Canada,Expense,Cinematic,Marketing,-215,CDN
Elevation Pictures Corp.,"FLORIDA PROJECT, THE",,,09/30/2024,Canada,Expense,TV,Manufacturing and Delivery,-44,CDN
Elevation Pictures Corp.,"FLORIDA PROJECT, THE",,,09/30/2024,Canada,Expense,TV,Manufacturing and Delivery,-563,CDN
