Company,Title,Deal-Index,Report-No,Report-Date,Country,Type,Category,Detail,Amount,Currency
Elevation Pictures Corp.,FRONT ROOM,,,09/30/2024,Canada,Expense,Cinematic,Marketing,-302241,CAD
Elevation Pictures Corp.,FRONT ROOM,,,09/30/2024,Canada,Expense,Cinematic,Publicity and Promotions,-3226,CAD
Elevation Pictures Corp.,FRONT ROOM,,,09/30/2024,Canada,Expense,Cinematic,Mastering and Versioning,-3338,CAD
Elevation Pictures Corp.,FRONT ROOM,,,09/30/2024,Canada,Expense,Cinematic,Distribution Expenses,-13351,CAD
