Company,Title,Deal-Index,Report-No,Report-Date,Country,Type,Category,Detail,Amount,Currency
Elevation Pictures Corp.,LADY BIRD,,,09/30/2024,Canada,Income,Cinematic,Theatrical Rentals,943,CDN
Elevation Pictures Corp.,LADY BIRD,,,09/30/2024,Canada,Expense,Cinematic,Marketing,-74,CDN
Elevation Pictures Corp.,LADY BIRD,,,09/30/2024,Canada,Income,Ancillary,Non-Theatrical,2935,CDN
Elevation Pictures Corp.,LADY BIRD,,,09/30/2024,Canada,Income,Digital,VOD,10861,CDN
Elevation Pictures Corp.,LADY BIRD,,,09/30/2024,Canada,Income,Digital,EST,6437,CDN
Elevation Pictures Corp.,LADY BIRD,,,09/30/2024,Canada,Expense,Cinematic,Marketing,-215,CDN
Elevation Pictures Corp.,LADY BIRD,,,09/30/2024,Canada,Expense,Cinematic,Marketing,-214,CDN
Elevation Pictures Corp.,LADY BIRD,,,09/30/2024,Canada,Expense,Cinematic,Marketing,-185,CDN
Elevation Pictures Corp.,LADY BIRD,,,09/30/2024,Canada,Income,TV,Free TV,3152,CDN
Elevation Pictures Corp.,LADY BIRD,,,09/30/2024,Canada,Expense,Cinematic,Marketing,-389,CDN
Elevation Pictures Corp.,LADY BIRD,,,09/30/2024,Canada,Expense,TV,Manufacturing and Delivery,-623,CDN
Elevation Pictures Corp.,LADY BIRD,,,09/30/2024,Canada,Expense,TV,Mastering and Versioning,-248,CDN
Elevation Pictures Corp.,LADY BIRD,,,09/30/2024,Canada,Income,Video,Home Entertainment,4170,CDN
Elevation Pictures Corp.,LADY BIRD,,,09/30/2024,Canada,Expense,TV,Manufacturing and Delivery,-1336,CDN
Elevation Pictures Corp.,LADY BIRD,,,09/30/2024,Canada,Expense,TV,Manufacturing and Delivery,-51,CDN
Elevation Pictures Corp.,LADY BIRD,,,09/30/2024,Canada,Expense,TV,Manufacturing and Delivery,-383,CDN
