Company,Title,Deal-Index,Report-No,Report-Date,Country,Type,Category,Detail,Amount,Currency
Elevation Pictures Corp.,PAST LIVES,,,09/30/2024,Canada,Income,Cinematic,Theatrical Rentals,4668,CDN
Elevation Pictures Corp.,PAST LIVES,,,09/30/2024,Canada,Income,Ancillary,Non-Theatrical,413,CDN
Elevation Pictures Corp.,PAST LIVES,,,09/30/2024,Canada,Income,Digital,VOD,4092,CDN
Elevation Pictures Corp.,PAST LIVES,,,09/30/2024,Canada,Income,Digital,EST,641,CDN
Elevation Pictures Corp.,PAST LIVES,,,09/30/2024,Unknown,Income,TV,SVOD,56535,CDN
Elevation Pictures Corp.,PAST LIVES,,,09/30/2024,Canada,Expense,Cinematic,Marketing,-39,CDN
Elevation Pictures Corp.,PAST LIVES,,,09/30/2024,Canada,Expense,TV,Manufacturing and Delivery,-23,CDN
Elevation Pictures Corp.,PAST LIVES,,,09/30/2024,Canada,Expense,Cinematic,Marketing,-32,CDN
Elevation Pictures Corp.,PAST LIVES,,,09/30/2024,Canada,Income,Video,Home Entertainment,5233,CDN
Elevation Pictures Corp.,PAST LIVES,,,09/30/2024,Canada,Expense,TV,Manufacturing and Delivery,-347,CDN
