Company,Title,Deal-Index,Report-No,Report-Date,Country,Type,Category,Detail,Amount,Currency
Elevation Pictures Corp.,PRISCILLA,,,09/30/2024,Canada,Income,Cinematic,Theatrical Rentals,886,CDN
Elevation Pictures Corp.,PRISCILLA,,,09/30/2024,Canada,Expense,Cinematic,Marketing,-33,CDN
Elevation Pictures Corp.,PRISCILLA,,,09/30/2024,Canada,Income,Ancillary,Non-Theatrical,1063,CDN
Elevation Pictures Corp.,PRISCILLA,,,09/30/2024,Canada,Income,Digital,VOD,6344,CDN
Elevation Pictures Corp.,PRISCILLA,,,09/30/2024,Canada,Income,Digital,EST,738,CDN
Elevation Pictures Corp.,PRISCILLA,,,09/30/2024,Canada,Expense,Cinematic,Marketing,-14,CDN
Elevation Pictures Corp.,PRISCILLA,,,09/30/2024,Canada,Income,TV,SVOD,174871,CDN
Elevation Pictures Corp.,PRISCILLA,,,09/30/2024,Canada,Expense,TV,Manufacturing and Delivery,-2272,CDN
Elevation Pictures Corp.,PRISCILLA,,,09/30/2024,Canada,Income,Video,Home Entertainment,21524,CDN
Elevation Pictures Corp.,PRISCILLA,,,09/30/2024,Canada,Expense,TV,Manufacturing and Delivery,-3629,CDN
