Company,Title,Deal-Index,Report-No,Report-Date,Country,Type,Category,Detail,Amount,Currency
Elevation Pictures Corp.,"WHALE, THE",,,09/30/2024,Canada,Income,Cinematic,Theatrical Rentals,529,CDN
Elevation Pictures Corp.,"WHALE, THE",,,09/30/2024,Canada,Income,Ancillary,Non-Theatrical,178,CDN
Elevation Pictures Corp.,"WHALE, THE",,,09/30/2024,Canada,Income,Digital,VOD,1659,CDN
Elevation Pictures Corp.,"WHALE, THE",,,09/30/2024,Canada,Income,Digital,EST,433,CDN
Elevation Pictures Corp.,"WHALE, THE",,,09/30/2024,Canada,Income,TV,SVOD,89282,CDN
Elevation Pictures Corp.,"WHALE, THE",,,09/30/2024,Canada,Expense,Cinematic,Marketing,-28,CDN
Elevation Pictures Corp.,"WHALE, THE",,,09/30/2024,Canada,Income,Video,Home Entertainment,322,CDN
Elevation Pictures Corp.,"WHALE, THE",,,09/30/2024,Canada,Expense,TV,Manufacturing and Delivery,-1852,CDN
