Company,Title,Deal-Index,Report-No,Report-Date,Country,Type,Category,Detail,Amount,Currency
Elevation Pictures Corp.,"ZONE OF INTEREST, THE",,,09/30/2024,Canada,Income,Cinematic,Theatrical Rentals,144432,CDN
Elevation Pictures Corp.,"ZONE OF INTEREST, THE",,,09/30/2024,Canada,Income,Ancillary,Non-Theatrical,596,CDN
Elevation Pictures Corp.,"ZONE OF INTEREST, THE",,,09/30/2024,Canada,Income,Digital,VOD,19705,CDN
Elevation Pictures Corp.,"ZONE OF INTEREST, THE",,,09/30/2024,Canada,Income,Digital,EST,1535,CDN
Elevation Pictures Corp.,"ZONE OF INTEREST, THE",,,09/30/2024,Canada,Income,TV,SVOD,141582,CDN
Elevation Pictures Corp.,"ZONE OF INTEREST, THE",,,09/30/2024,Canada,Expense,TV,Manufacturing and Delivery,-387,CDN
Elevation Pictures Corp.,"ZONE OF INTEREST, THE",,,09/30/2024,Canada,Expense,Cinematic,Publicity and Promotions,-1,CDN
Elevation Pictures Corp.,"ZONE OF INTEREST, THE",,,09/30/2024,Canada,Expense,Cinematic,Marketing,-425,CDN
