{"version":"1","data":{"project":{"id":"NDU4OWNmZTA","name":"bbox"},"document":{"id":"66c1e79f-4089-4d45-aadc-23ab02914b0d","name":"sample.jpg"},"kinds":["BBOX_BASED"],"labelerInfo":{"id":3682,"email":"ivan.marcellino@datasaur.ai","displayName":"Ivan Marcellino"},"pages":[{"pageIndex":0,"pageHeight":640,"pageWidth":640}],"comments":[],"url":"datasaur://static/3682/66c1e79f-4089-4d45-aadc-23ab02914b0d.jpg","bboxLabelSets":[{"classes":[{"name":"red","color":"#df3920","id":"11647","captionAllowed":true,"captionRequired":true,"questions":[{"id":0,"label":"Text 1","required":true,"type":"TEXT","config":{"maxLength":null,"minLength":null,"multiline":false,"multiple":false}},{"id":1,"label":"Dropdown 1","required":true,"type":"DROPDOWN","config":{"options":[{"id":"d1o1","label":"option 1 dropdown 1"},{"id":"d1o2","label":"option 2 dropdown 1"}],"multiple":false}}]},{"name":"green","color":"#33cc99","id":"11648","captionAllowed":true,"captionRequired":false,"questions":[{"id":0,"label":"Text 2","required":false,"type":"TEXT","config":{"maxLength":null,"minLength":null,"multiline":false,"multiple":false}},{"id":1,"label":"Dropdown 2","required":false,"type":"DROPDOWN","config":{"options":[{"id":"d2o1","label":"option 1 dropdown 2"},{"id":"d2o2","label":"option 2 dropdown 2"}],"multiple":false}}]},{"name":"yellow","color":"#ffc826","id":"11649","captionAllowed":true,"captionRequired":true}],"name":"BBoxLabelSet","autoLabelProvider":null}],"bboxLabels":[]}}
